{
  "avg_bloch_mse": 0.00012809201750011803,
  "avg_mse_z": 8.140002804187436e-05,
  "avg_err_alpha": 0.1476343870162964,
  "avg_err_r": 0.17705769340197244,
  "true_alpha_range": [
    0.29361118426546196,
    0.6391963650868431
  ],
  "pred_alpha_range": [
    0.5199966430664062,
    0.5223077535629272
  ],
  "true_r_range": [
    0.17799726016810133,
    0.5753571532049581
  ],
  "pred_r_range": [
    0.5271180868148804,
    0.5306556820869446
  ],
  "eta_norm_range": [
    0.01442369728946803,
    0.031066034578115232
  ],
  "best_task_by_bloch_mse": {
    "task": 1,
    "bloch_mse": 3.22370178764686e-05
  },
  "worst_task_by_bloch_mse": {
    "task": 2,
    "bloch_mse": 0.00030062926816754043
  }
}